INSERT INTO CAR_PARTS_CATEGORY_DICT(CATEGORY_ID,CATEGORY_NAME,CATEGORY_DESCRIPTION) VALUES (1,'Oświetlenie',NULL);
INSERT INTO CAR_PARTS_CATEGORY_DICT(CATEGORY_ID,CATEGORY_NAME,CATEGORY_DESCRIPTION) VALUES (2,'Części karoserii',NULL);
INSERT INTO CAR_PARTS_CATEGORY_DICT(CATEGORY_ID,CATEGORY_NAME,CATEGORY_DESCRIPTION) VALUES (3,'Silnik i osprzęt',NULL);
INSERT INTO CAR_PARTS_CATEGORY_DICT(CATEGORY_ID,CATEGORY_NAME,CATEGORY_DESCRIPTION) VALUES (4,'Chłodzenie silnika',NULL);
INSERT INTO CAR_PARTS_CATEGORY_DICT(CATEGORY_ID,CATEGORY_NAME,CATEGORY_DESCRIPTION) VALUES (5,'Tuning mechaniczny',NULL);
INSERT INTO CAR_PARTS_CATEGORY_DICT(CATEGORY_ID,CATEGORY_NAME,CATEGORY_DESCRIPTION) VALUES (6,'Układ hamulcowy',NULL);
INSERT INTO CAR_PARTS_CATEGORY_DICT(CATEGORY_ID,CATEGORY_NAME,CATEGORY_DESCRIPTION) VALUES (7,'Układ kierowniczy',NULL);
INSERT INTO CAR_PARTS_CATEGORY_DICT(CATEGORY_ID,CATEGORY_NAME,CATEGORY_DESCRIPTION) VALUES (8,'Układ napędowy',NULL);
INSERT INTO CAR_PARTS_CATEGORY_DICT(CATEGORY_ID,CATEGORY_NAME,CATEGORY_DESCRIPTION) VALUES (9,'Układ paliwowy',NULL);
INSERT INTO CAR_PARTS_CATEGORY_DICT(CATEGORY_ID,CATEGORY_NAME,CATEGORY_DESCRIPTION) VALUES (10,'Układ wydechowy',NULL);



INSERT INTO CAR_PART(CAR_PART_ID,CAR_PART_NAME,CAR_PART_PRODUCER,CAR_PART_PRODUCER_MODEL_CODE,CATEGORY_ID,CAR_PART_IMG_URI) VALUES (2,'Pompa wody','JPN','30C0001',5,NULL);
INSERT INTO CAR_PART(CAR_PART_ID,CAR_PART_NAME,CAR_PART_PRODUCER,CAR_PART_PRODUCER_MODEL_CODE,CATEGORY_ID,CAR_PART_IMG_URI) VALUES (3,'Termostat','JPN','30C0002',2,NULL);
INSERT INTO CAR_PART(CAR_PART_ID,CAR_PART_NAME,CAR_PART_PRODUCER,CAR_PART_PRODUCER_MODEL_CODE,CATEGORY_ID,CAR_PART_IMG_URI) VALUES (4,'Czujnik ciśnienia oleju','JPN','30C0003',8,NULL);
INSERT INTO CAR_PART(CAR_PART_ID,CAR_PART_NAME,CAR_PART_PRODUCER,CAR_PART_PRODUCER_MODEL_CODE,CATEGORY_ID,CAR_PART_IMG_URI) VALUES (5,'Moduł zapłonowy','JPN','30C0004',9,NULL);
INSERT INTO CAR_PART(CAR_PART_ID,CAR_PART_NAME,CAR_PART_PRODUCER,CAR_PART_PRODUCER_MODEL_CODE,CATEGORY_ID,CAR_PART_IMG_URI) VALUES (6,'Świeca iskrowa','JPN','30C0005',8,NULL);
INSERT INTO CAR_PART(CAR_PART_ID,CAR_PART_NAME,CAR_PART_PRODUCER,CAR_PART_PRODUCER_MODEL_CODE,CATEGORY_ID,CAR_PART_IMG_URI) VALUES (7,'Filtr oleju','JPN','30C0006',3,NULL);
INSERT INTO CAR_PART(CAR_PART_ID,CAR_PART_NAME,CAR_PART_PRODUCER,CAR_PART_PRODUCER_MODEL_CODE,CATEGORY_ID,CAR_PART_IMG_URI) VALUES (8,'Filtr paliwa','JPN','30C0007',8,NULL);
INSERT INTO CAR_PART(CAR_PART_ID,CAR_PART_NAME,CAR_PART_PRODUCER,CAR_PART_PRODUCER_MODEL_CODE,CATEGORY_ID,CAR_PART_IMG_URI) VALUES (9,'Filtr powietrza','JPN','30C0008',10,NULL);
INSERT INTO CAR_PART(CAR_PART_ID,CAR_PART_NAME,CAR_PART_PRODUCER,CAR_PART_PRODUCER_MODEL_CODE,CATEGORY_ID,CAR_PART_IMG_URI) VALUES (10,'Szczęki hamulcowe','JPN','30C0009',10,NULL);
INSERT INTO CAR_PART(CAR_PART_ID,CAR_PART_NAME,CAR_PART_PRODUCER,CAR_PART_PRODUCER_MODEL_CODE,CATEGORY_ID,CAR_PART_IMG_URI) VALUES (11,'Bęben hamulcowy','JPN','30C0010',5,NULL);
INSERT INTO CAR_PART(CAR_PART_ID,CAR_PART_NAME,CAR_PART_PRODUCER,CAR_PART_PRODUCER_MODEL_CODE,CATEGORY_ID,CAR_PART_IMG_URI) VALUES (12,'Pompa hamulcowa','JPN','30C0011',6,NULL);
INSERT INTO CAR_PART(CAR_PART_ID,CAR_PART_NAME,CAR_PART_PRODUCER,CAR_PART_PRODUCER_MODEL_CODE,CATEGORY_ID,CAR_PART_IMG_URI) VALUES (13,'Drążek kierowniczy','JPN','30C0012',6,NULL);
INSERT INTO CAR_PART(CAR_PART_ID,CAR_PART_NAME,CAR_PART_PRODUCER,CAR_PART_PRODUCER_MODEL_CODE,CATEGORY_ID,CAR_PART_IMG_URI) VALUES (14,'Osłona drążka kierowniczego','JPN','30C0013',10,NULL);
INSERT INTO CAR_PART(CAR_PART_ID,CAR_PART_NAME,CAR_PART_PRODUCER,CAR_PART_PRODUCER_MODEL_CODE,CATEGORY_ID,CAR_PART_IMG_URI) VALUES (15,'Osłona gumowa przegubu wewnętrzenego','JPN','30C0014',2,NULL);
INSERT INTO CAR_PART(CAR_PART_ID,CAR_PART_NAME,CAR_PART_PRODUCER,CAR_PART_PRODUCER_MODEL_CODE,CATEGORY_ID,CAR_PART_IMG_URI) VALUES (16,'Uszczelniacz półosi','JPN','30C0015',6,NULL);
INSERT INTO CAR_PART(CAR_PART_ID,CAR_PART_NAME,CAR_PART_PRODUCER,CAR_PART_PRODUCER_MODEL_CODE,CATEGORY_ID,CAR_PART_IMG_URI) VALUES (17,'Pasek rozrządu','JPN','30C0016',10,NULL);
INSERT INTO CAR_PART(CAR_PART_ID,CAR_PART_NAME,CAR_PART_PRODUCER,CAR_PART_PRODUCER_MODEL_CODE,CATEGORY_ID,CAR_PART_IMG_URI) VALUES (18,'Napinacz paska rozrządu','JPN','30C0017',7,NULL);
INSERT INTO CAR_PART(CAR_PART_ID,CAR_PART_NAME,CAR_PART_PRODUCER,CAR_PART_PRODUCER_MODEL_CODE,CATEGORY_ID,CAR_PART_IMG_URI) VALUES (19,'Uszczelka głowicy','JPN','30C0018',1,NULL);
INSERT INTO CAR_PART(CAR_PART_ID,CAR_PART_NAME,CAR_PART_PRODUCER,CAR_PART_PRODUCER_MODEL_CODE,CATEGORY_ID,CAR_PART_IMG_URI) VALUES (20,'Zawór silnikowy ssący','JPN','30C0019',8,NULL);



INSERT INTO CAR_DICT(CAR_ID,CAR_BRAND,CAR_MODEL,CAR_PRODUCTION_START_DATE,CAR_PRODUCTION_END_DATE,CAR_IMAGE_URI) VALUES (1,'Opel','Astra','1987-11-15','2011-11-27',NULL);
INSERT INTO CAR_DICT(CAR_ID,CAR_BRAND,CAR_MODEL,CAR_PRODUCTION_START_DATE,CAR_PRODUCTION_END_DATE,CAR_IMAGE_URI) VALUES (2,'Opel','Vectra','1996-01-03','2009-07-16',NULL);
INSERT INTO CAR_DICT(CAR_ID,CAR_BRAND,CAR_MODEL,CAR_PRODUCTION_START_DATE,CAR_PRODUCTION_END_DATE,CAR_IMAGE_URI) VALUES (3,'Opel','Insignia','2007-09-11','2011-12-30',NULL);
INSERT INTO CAR_DICT(CAR_ID,CAR_BRAND,CAR_MODEL,CAR_PRODUCTION_START_DATE,CAR_PRODUCTION_END_DATE,CAR_IMAGE_URI) VALUES (4,'Renault','Laguna','2007-04-11','2008-07-08',NULL);
INSERT INTO CAR_DICT(CAR_ID,CAR_BRAND,CAR_MODEL,CAR_PRODUCTION_START_DATE,CAR_PRODUCTION_END_DATE,CAR_IMAGE_URI) VALUES (5,'Renault','Clio','2001-02-13','2010-02-10',NULL);



INSERT INTO CAR_PART_REL(CAR_ID,CAR_PART_ID) VALUES (1,1);
INSERT INTO CAR_PART_REL(CAR_ID,CAR_PART_ID) VALUES (5,2);
INSERT INTO CAR_PART_REL(CAR_ID,CAR_PART_ID) VALUES (4,3);
INSERT INTO CAR_PART_REL(CAR_ID,CAR_PART_ID) VALUES (5,4);
INSERT INTO CAR_PART_REL(CAR_ID,CAR_PART_ID) VALUES (2,5);
INSERT INTO CAR_PART_REL(CAR_ID,CAR_PART_ID) VALUES (2,6);
INSERT INTO CAR_PART_REL(CAR_ID,CAR_PART_ID) VALUES (1,7);
INSERT INTO CAR_PART_REL(CAR_ID,CAR_PART_ID) VALUES (4,8);
INSERT INTO CAR_PART_REL(CAR_ID,CAR_PART_ID) VALUES (2,9);
INSERT INTO CAR_PART_REL(CAR_ID,CAR_PART_ID) VALUES (5,10);
INSERT INTO CAR_PART_REL(CAR_ID,CAR_PART_ID) VALUES (2,11);
INSERT INTO CAR_PART_REL(CAR_ID,CAR_PART_ID) VALUES (3,12);
INSERT INTO CAR_PART_REL(CAR_ID,CAR_PART_ID) VALUES (3,13);
INSERT INTO CAR_PART_REL(CAR_ID,CAR_PART_ID) VALUES (1,14);
INSERT INTO CAR_PART_REL(CAR_ID,CAR_PART_ID) VALUES (2,15);
INSERT INTO CAR_PART_REL(CAR_ID,CAR_PART_ID) VALUES (5,16);
INSERT INTO CAR_PART_REL(CAR_ID,CAR_PART_ID) VALUES (4,17);
INSERT INTO CAR_PART_REL(CAR_ID,CAR_PART_ID) VALUES (2,18);
INSERT INTO CAR_PART_REL(CAR_ID,CAR_PART_ID) VALUES (4,19);
INSERT INTO CAR_PART_REL(CAR_ID,CAR_PART_ID) VALUES (5,20);


INSERT INTO USERS(LOGIN, STORED_PASSWORD)
VALUES('daniel','mLl5q0BUWBRbkO57JXlkCx8xpafxJ2OUzqL/q04dtrk=$kgyDJiEIiY2wlvPUCBPa8q8oxdg3JFE4JqeGxwRVORk=');